story / history	история | ees-TO-ree-ya		Russian BibleVocab NRP Matthew1	ис-ТО-ри-я
birth (as in "the birth of")	рождения | razh-DYE-nee-ya		Russian BibleVocab NRP Matthew1	рож-ДЕ-ни-я
Jesus Christ (as in "of Jesus Christ")	Иисуса Христа | Ee-ee-SOO-sa Khrees-TA	The name also appears as Иисус and Иисусом.	Russian BibleVocab NRP Matthew1	И-и-СУ-са Хрис-ТА
is this / goes like this	такова | ta-ka-VA		Russian BibleVocab NRP Matthew1	та-ко-ВА
His / Him	Его | Ye-VO	Capitalized when it refers to God or Jesus.	Russian BibleVocab NRP Matthew1	Е-ГО
mother	мать | mat		Russian BibleVocab NRP Matthew1	мать
Mary	Мария | Ma-REE-ya	Also appears as Марии and Марию.	Russian BibleVocab NRP Matthew1	Ма-РИ-я
was engaged (a woman)	была обручена | by-LA ab-ru-chye-NA	Two words, said together.	Russian BibleVocab NRP Matthew1 Female	бы-ЛА об-ру-че-НА
with	с | s		Russian BibleVocab NRP Matthew1	с
Joseph	Иосиф | Ee-O-seef	Also appears as Иосифом and Иосифа.	Russian BibleVocab NRP Matthew1	И-О-сиф
but	но | no		Russian BibleVocab NRP Matthew1	но
before	прежде чем | PRYEZH-dye chyem	Two words, said together.	Russian BibleVocab NRP Matthew1	ПРЕЖ-де чем
they	они | a-NEE		Russian BibleVocab NRP Matthew1	о-НИ
got married	поженились | pa-zhe-NEE-lees		Russian BibleVocab NRP Matthew1	по-же-НИ-лись
it turned out	оказалось | a-ka-ZA-las		Russian BibleVocab NRP Matthew1	о-ка-ЗА-лось
she	она | a-NA		Russian BibleVocab NRP Matthew1	о-НА
pregnant	беременна | bye-RYE-myen-na		Russian BibleVocab NRP Matthew1 Female	бе-РЕ-мен-на
future	будущий | BOO-du-shchiy		Russian BibleVocab NRP Matthew1	БУ-ду-щий
husband	муж | muzh		Russian BibleVocab NRP Matthew1	муж
was (a man)	был | byl		Russian BibleVocab NRP Matthew1 Male	был
a righteous man	человеком праведным | chye-la-VYE-kam PRA-vyed-nym	Two words, said together.	Russian BibleVocab NRP Matthew1	че-ло-ВЕ-ком ПРА-вед-ным
having learned of this	узнав об этом | uz-NAF ab E-tam	Three words, said together.	Russian BibleVocab NRP Matthew1	уз-НАВ об Э-том
wanted (a man)	хотел | kha-TYEL		Russian BibleVocab NRP Matthew1 Male	хо-ТЕЛ
secretly / quietly	тайно | TAY-na		Russian BibleVocab NRP Matthew1	ТАЙ-но
to let go / send away	отпустить | at-pus-TEET		Russian BibleVocab NRP Matthew1	от-пус-ТИТЬ
making the matter public	предавая дело огласке | prye-da-VA-ya DYE-la ag-LAS-kye	Three words, said together. Formal.	Russian BibleVocab NRP Matthew1	пре-да-ВА-я ДЕ-ло ог-ЛАС-ке
so that / in order to	чтобы | SHTO-by		Russian BibleVocab NRP Matthew1	ЧТО-бы
to disgrace	опозорить | a-pa-ZO-reet		Russian BibleVocab NRP Matthew1	о-по-ЗО-рить
her	ее | ye-YO	Usually written её.	Russian BibleVocab NRP Matthew1	е-Ё
when	когда | kag-DA		Russian BibleVocab NRP Matthew1	ког-ДА
he	он | on		Russian BibleVocab NRP Matthew1	он
made / accepted (a man)	принял | PREE-nyal		Russian BibleVocab NRP Matthew1 Male	ПРИ-нял
such / this (kind of)	такое | ta-KO-ye		Russian BibleVocab NRP Matthew1	та-КО-е
decision	решение | rye-SHE-nee-ye		Russian BibleVocab NRP Matthew1	ре-ШЕ-ни-е
to him	ему | ye-MU		Russian BibleVocab NRP Matthew1	е-МУ
in a dream	во сне | va snye	Two words, said together.	Russian BibleVocab NRP Matthew1	во сне
appeared (a man or male being)	явился | ya-VEEL-sya		Russian BibleVocab NRP Matthew1 Male	я-ВИЛ-ся
angel	ангел | AN-gyel		Russian BibleVocab NRP Matthew1	АН-гел
from	от | at		Russian BibleVocab NRP Matthew1	от
the Lord (as in "from the Lord")	Господа | GOS-pa-da	Also appears as Господь and Господень.	Russian BibleVocab NRP Matthew1	ГОС-по-да
said (a man)	сказал | ska-ZAL		Russian BibleVocab NRP Matthew1 Male	ска-ЗАЛ
son	сын | syn		Russian BibleVocab NRP Matthew1	сын
of David	Давидов | Da-VEE-daf		Russian BibleVocab NRP Matthew1	Да-ВИ-дов
don't be afraid	не бойся | nye BOY-sya	Two words, said together.	Russian BibleVocab NRP Matthew1	не БОЙ-ся
to take	взять | vzyat		Russian BibleVocab NRP Matthew1	взять
as a wife	в жёны | v ZHO-ny	Two words, said together.	Russian BibleVocab NRP Matthew1	в ЖЁ-ны
because	потому что | pa-ta-MU shto	Two words, said together.	Russian BibleVocab NRP Matthew1	по-то-МУ что
the Child / infant	Младенец | Mla-DYE-nyets	Capitalized here because it means Jesus.	Russian BibleVocab NRP Matthew1	Мла-ДЕ-нец
in her	в ней | v nyey	Two words, said together.	Russian BibleVocab NRP Matthew1	в ней
the Holy Spirit (as in "from the Holy Spirit")	Святого Духа | Svya-TO-va DU-kha	Two words, said together.	Russian BibleVocab NRP Matthew1	Свя-ТО-го ДУ-ха
will give birth to	родит | ra-DEET		Russian BibleVocab NRP Matthew1	ро-ДИТ
Son (as in "give birth to a Son")	Сына | SY-na		Russian BibleVocab NRP Matthew1	СЫ-на
you will name	назовешь | na-za-VYOSH	Usually written назовёшь.	Russian BibleVocab NRP Matthew1	на-зо-ВЕШЬ
Jesus	Иисус | Ee-ee-SUS		Russian BibleVocab NRP Matthew1	И-и-СУС
will save	спасет | spa-SYOT	Usually written спасёт.	Russian BibleVocab NRP Matthew1	спа-СЕТ
His people	Свой народ | Svoy na-ROD	Two words, said together.	Russian BibleVocab NRP Matthew1	Свой на-РОД
sins (as in "from sins")	грехов | grye-KHOF		Russian BibleVocab NRP Matthew1	гре-ХОВ
their	их | eekh		Russian BibleVocab NRP Matthew1	их
everything / all	всё | fsyo		Russian BibleVocab NRP Matthew1	всё
happened	произошло | pra-ee-za-SHLO		Russian BibleVocab NRP Matthew1	про-и-зо-ШЛО
the fulfillment	исполнением | ees-pal-NYE-nee-yem		Russian BibleVocab NRP Matthew1	ис-пол-НЕ-ни-ем
of what	того, что | ta-VO, shto	Two words, said together.	Russian BibleVocab NRP Matthew1	то-ГО, что
the Lord	Господь | Gas-POD		Russian BibleVocab NRP Matthew1	Гос-ПОДЬ
through	через | CHYE-ryez		Russian BibleVocab NRP Matthew1	ЧЕ-рез
the prophet (as in "through the prophet")	пророка | pra-RO-ka		Russian BibleVocab NRP Matthew1	про-РО-ка
behold / here is	вот | vot		Russian BibleVocab NRP Matthew1	вот
virgin / maiden	дева | DYE-va		Russian BibleVocab NRP Matthew1	ДЕ-ва
will become pregnant	забеременеет | za-bye-RYE-mye-nye-yet		Russian BibleVocab NRP Matthew1	за-бе-РЕ-ме-не-ет
they will call	назовут | na-za-VUT		Russian BibleVocab NRP Matthew1	на-зо-ВУТ
Immanuel	Еммануил | Yem-ma-nu-EEL		Russian BibleVocab NRP Matthew1	Ем-ма-ну-ИЛ
which means	что значит | shto ZNA-cheet	Two words, said together.	Russian BibleVocab NRP Matthew1	что ЗНА-чит
with us	с нами | s NA-mee	Two words, said together.	Russian BibleVocab NRP Matthew1	с НА-ми
God	Бог | Bokh		Russian BibleVocab NRP Matthew1	Бог
having woken up	пробудившись | pra-bu-DEEF-shees	Bookish. In speech: когда проснулся.	Russian BibleVocab NRP Matthew1	про-бу-ДИВ-шись
from sleep	от сна | at sna	Two words, said together.	Russian BibleVocab NRP Matthew1	от сна
did (a man)	сделал | SDYE-lal		Russian BibleVocab NRP Matthew1 Male	СДЕ-лал
just as	так, как | tak, kak	Two words, said together.	Russian BibleVocab NRP Matthew1	так, как
commanded / told (a man or male being)	велел | vye-LYEL		Russian BibleVocab NRP Matthew1 Male	ве-ЛЕЛ
of the Lord (as in "angel of the Lord")	Господень | Gas-PO-dyen		Russian BibleVocab NRP Matthew1	Гос-ПО-день
became (a woman)	стала | STA-la		Russian BibleVocab NRP Matthew1 Female	СТА-ла
wife (as in "became the wife of")	женой | zhe-NOY		Russian BibleVocab NRP Matthew1	же-НОЙ
marital intimacy	супружеской близости | su-PRU-zhes-kay BLEE-zas-tee	Two words, said together. Formal.	Russian BibleVocab NRP Matthew1	су-ПРУ-жес-кой БЛИ-зос-ти
between them	между ними | MYEZH-du NEE-mee	Two words, said together.	Russian BibleVocab NRP Matthew1	МЕЖ-ду НИ-ми
there was not	не было | nye BY-la	Two words, said together.	Russian BibleVocab NRP Matthew1	не БЫ-ло
until	до тех пор, пока | da tyekh por, pa-KA	Four words, said together.	Russian BibleVocab NRP Matthew1	до тех пор, по-КА
gave birth (a woman)	родила | ra-dee-LA		Russian BibleVocab NRP Matthew1 Female	ро-ди-ЛА
named (a man)	назвал | na-ZVAL		Russian BibleVocab NRP Matthew1 Male	на-ЗВАЛ
