How did you sleep last night? — speaking to a boy/man	Как ты сегодня спал? | Kak ty see-VOD-nya spal?	Russian Conversation Sleep Morning Male Question	Как ты се-ГОД-ня спал?	how you today slept?	Как ты сегодня … ? = How did you … today? || сегодня = today (Russians say this where English says 'last night')
How did you sleep last night? — speaking to a girl/woman	Как ты сегодня спала? | Kak ty see-VOD-nya spa-LA?	Russian Conversation Sleep Morning Female Question	Как ты се-ГОД-ня спа-ЛА?	how you today slept?	Как ты сегодня … ? = How did you … today? || сегодня = today (Russians say this where English says 'last night')
I slept well last night. — male speaker	Я хорошо спал. | Ya kha-ra-SHO spal.	Russian Conversation Sleep Morning Male Response	Я хо-ро-ШО спал.	I well slept.	Я … спал = I slept … (put хорошо / плохо / так себе in the blank)
I slept well last night. — female speaker	Я хорошо спала. | Ya kha-ra-SHO spa-LA.	Russian Conversation Sleep Morning Female Response	Я хо-ро-ШО спа-ЛА.	I well slept.	Я … спала = I slept … (put хорошо / плохо / так себе in the blank)
I didn’t sleep well last night. — male speaker	Я не очень хорошо спал. | Ya nye O-chyen kha-ra-SHO spal.	Russian Conversation Sleep Morning Male Response	Я не О-чень хо-ро-ШО спал.	I not very well slept.	не очень … = not very … || Я … спал = I slept …
I didn’t sleep well last night. — female speaker	Я не очень хорошо спала. | Ya nye O-chyen kha-ra-SHO spa-LA.	Russian Conversation Sleep Morning Female Response	Я не О-чень хо-ро-ШО спа-ЛА.	I not very well slept.	не очень … = not very … || Я … спала = I slept …
I slept just okay / so-so last night. — male speaker	Я так себе спал. | Ya tak sye-BYE spal.	Russian Conversation Sleep Morning Male Response	Я так се-БЕ спал.	I so so slept.	так себе = so-so || Я … спал = I slept … (put хорошо / плохо / так себе in the blank)
I slept just okay / so-so last night. — female speaker	Я так себе спала. | Ya tak sye-BYE spa-LA.	Russian Conversation Sleep Morning Female Response	Я так се-БЕ спа-ЛА.	I so so slept.	так себе = so-so || Я … спала = I slept … (put хорошо / плохо / так себе in the blank)
I slept badly last night. — male speaker	Я плохо спал. | Ya PLO-kha spal.	Russian Conversation Sleep Morning Male Response	Я ПЛО-хо спал.	I badly slept.	Я … спал = I slept … (put хорошо / плохо / так себе in the blank)
I slept badly last night. — female speaker	Я плохо спала. | Ya PLO-kha spa-LA.	Russian Conversation Sleep Morning Female Response	Я ПЛО-хо спа-ЛА.	I badly slept.	Я … спала = I slept … (put хорошо / плохо / так себе in the blank)
What's for breakfast?	Что на завтрак? | Shto na ZAF-trak?	Russian Conversation Breakfast Morning Family AnyGender Question	Что на ЗАВ-трак?	what for breakfast?	Что на … ? = What's for … ?
I'm not sure. I'll ask Mom.	Не знаю. Спрошу у мамы. | Nye ZNA-yu. Spra-SHOO oo MA-my.	Russian Conversation Breakfast Morning Family AnyGender Response	Не ЗНА-ю. Спро-ШУ у МА-мы.	not I-know. I'll-ask from Mom.	Не знаю. = I don't know. || Спрошу у … = I'll ask …
I think you're having your usual — chicken and sausage.	У тебя, наверное, как обычно — курица и колбаса. | Oo tye-BYA, na-VYER-na-ye, kak a-BYCH-na — KOO-ree-tsa ee kal-ba-SA.	Russian Conversation Breakfast Morning Family AnyGender	У те-БЯ, на-ВЕР-но-е, как о-БЫЧ-но — КУ-ри-ца и кол-ба-СА.	at you, probably, as usual — chicken and sausage.	У тебя … = You're having … (literally 'at you') || наверное, = probably, || как обычно = as usual || курица и колбаса = chicken and sausage
Did you drink your water with salt? — speaking to a boy/man	Ты уже попил воду с солью? | Ty oo-ZHE pa-PEEL VO-du s SO-lyu?	Russian Conversation Morning Family Water Male Question	Ты у-ЖЕ по-ПИЛ ВО-ду с СО-лью?	you already drank water with salt?	Ты уже попил … ? = Have you already drunk … ? || воду с солью = water with salt
Did you drink your water with salt? — speaking to a girl/woman	Ты уже попила воду с солью? | Ty oo-ZHE pa-pee-LA VO-du s SO-lyu?	Russian Conversation Morning Family Water Female Question	Ты у-ЖЕ по-пи-ЛА ВО-ду с СО-лью?	you already drank water with salt?	Ты уже попила … ? = Have you already drunk … ? || воду с солью = water with salt
No, Dad, not yet. I'll get some.	Нет, пап, ещё нет. Сейчас попью. | Nyet, pap, ye-SHCHO nyet. See-CHAS pa-PYU.	Russian Conversation Morning Family Water AnyGender Response	Нет, пап, е-ЩЁ нет. Сей-ЧАС по-ПЬЮ.	no, Dad, yet no. now I'll-drink.	Нет, пап, = No, Dad, || ещё нет = not yet || Сейчас попью. = I'll drink some now.
Yes, Dad, I had some. — male speaker	Да, пап, уже попил. | Da, pap, oo-ZHE pa-PEEL.	Russian Conversation Morning Family Water Male Response	Да, пап, у-ЖЕ по-ПИЛ.	yes, Dad, already drank.	Да, пап, = Yes, Dad, || уже попил = already did (drank)
Yes, Dad, I had some. — female speaker	Да, пап, уже попила. | Da, pap, oo-ZHE pa-pee-LA.	Russian Conversation Morning Family Water Female Response	Да, пап, у-ЖЕ по-пи-ЛА.	yes, Dad, already drank.	Да, пап, = Yes, Dad, || уже попила = already did (drank)
How are you feeling?	Как ты себя чувствуешь? | Kak ty se-BYA CHOOST-vu-yesh?	Russian Conversation Morning Family AnyGender Question	Как ты се-БЯ ЧУВСТ-ву-ешь?	how you yourself feel?	
I'm feeling okay.	Нормально. | Nar-MAL-na.	Russian Conversation Morning Family AnyGender Response	Нор-МАЛЬ-но.	okay.	
I'm not feeling so well.	Не очень. | Nye O-chyen.	Russian Conversation Morning Family AnyGender Response	Не О-чень.	not very.	
Thank you for breakfast. It was really good.	Спасибо за завтрак. Было очень вкусно. | Spa-SEE-ba za ZAF-trak. BY-la O-chyen FKOOS-na.	Russian Conversation Breakfast Morning Family AnyGender Response	Спа-СИ-бо за ЗАВ-трак. БЫ-ло О-чень ВКУС-но.	thanks for breakfast. was very tasty.	Спасибо за … = Thanks for … || Было очень вкусно. = It was very tasty.
I'm heading to work. I love all of you!	Я на работу. Люблю вас всех! | Ya na ra-BO-tu. Lyu-BLYU vas FSYEKH!	Russian Conversation Morning Family Work AnyGender	Я на ра-БО-ту. Люб-ЛЮ вас ВСЕХ!	I to work. love you all!	Я на … = I'm off to … || Люблю вас всех! = I love you all!
I love you, Daddy!	Люблю тебя, папа! | Lyu-BLYU tye-BYA, PA-pa!	Russian Conversation Family Love AnyGender	Люб-ЛЮ те-БЯ, ПА-па!	love you, Dad!	Люблю тебя = I love you
That meal was amazing!	Было очень вкусно! | BY-la O-chyen FKOOS-na!	Russian Conversation Food Meal Family AnyGender	БЫ-ло О-чень ВКУС-но!	was very tasty!	Было очень … = It was very …
This chicken is really good.	Курица очень вкусная. | KOO-ree-tsa O-chyen FKOOS-na-ya.	Russian Conversation Food Chicken Family AnyGender	КУ-ри-ца О-чень ВКУС-на-я.	chicken very tasty.	… очень вкусная = … is very tasty
I love these sweet potatoes.	Обожаю батат. | A-ba-ZHA-yu ba-TAT.	Russian Conversation Food SweetPotatoes Family AnyGender	О-бо-ЖА-ю ба-ТАТ.	I-adore sweet-potato.	Обожаю … = I love …
Kim's meat is so good.	У Ким такое вкусное мясо! | Oo Kim ta-KO-ye FKOOS-na-ye MYA-sa!	Russian Conversation Food Meat Family AnyGender	У Ким та-КО-е ВКУС-но-е МЯ-со!	at Kim's such tasty meat!	У Ким = Kim's (literally 'at Kim's') || такое вкусное мясо = such tasty meat || У … такое вкусное … ! = … has such tasty … !
This meal is really good!	Очень вкусно! | O-chyen FKOOS-na!	Russian Conversation Food Meal Family AnyGender	О-чень ВКУС-но!	very tasty!	
This meal is amazing!	Как же вкусно! | Kak zhe FKOOS-na!	Russian Conversation Food Meal Family AnyGender	Как же ВКУС-но!	how indeed tasty!	Как же … ! = It's so … !
Avelyn, how do you like this meal?	Авелин, как тебе? | A-va-LEEN, kak tye-BYE?	Russian Conversation Food Meal Family AnyGender Question	А-ве-ЛИН, как те-БЕ?	Avelyn, how to-you?	… , как тебе? = … , how do you like it?
This meal is really good. I like it.	Очень вкусно. Мне нравится. | O-chyen FKOOS-na. Mnye NRA-veet-sa.	Russian Conversation Food Meal Family AnyGender Response	О-чень ВКУС-но. Мне НРА-вит-ся.	very tasty. to-me it-pleases.	Очень вкусно. = Very tasty. || Мне нравится. = I like it.
This meal is not so good. I don't like it.	Не очень. Мне не нравится. | Nye O-chyen. Mnye nye NRA-veet-sa.	Russian Conversation Food Meal Family AnyGender Response	Не О-чень. Мне не НРА-вит-ся.	not very. to-me not it-pleases.	Не очень. = Not really. || Мне не нравится. = I don't like it.
