how	как | kak		Russian Vocabulary Sleep Morning	как
you (informal, one person)	ты | ty		Russian Vocabulary Sleep Morning	ты
I	я | ya		Russian Vocabulary Sleep Morning	я
slept — a man speaking	спал | spal	Used when the person who slept is male.	Russian Vocabulary Sleep Morning Male	спал
slept — a woman speaking	спала | spa-LA	Used when the person who slept is female.	Russian Vocabulary Sleep Morning Female	спа-ЛА
well	хорошо | kha-ra-SHO	Also means "good" or "okay" on its own.	Russian Vocabulary Sleep Morning	хо-ро-ШО
not	не | nye	Goes right before the word it cancels.	Russian Vocabulary Sleep Morning	не
very	очень | O-chyen		Russian Vocabulary Sleep Morning	О-чень
so-so / just okay	так себе | tak sye-BYE	Two words, always said together.	Russian Vocabulary Sleep Morning	так се-БЕ
today (also used for 'last night' in the morning)	сегодня | see-VOD-nya	The г is pronounced like в.	Russian Vocabulary Sleep Morning	се-ГОД-ня
badly / poorly	плохо | PLO-kha	The opposite of хорошо.	Russian Vocabulary Sleep Morning	ПЛО-хо
what	что | shto		Russian Vocabulary Breakfast Morning Family	что
on / for / to	на | na	Changes with the sentence: на завтрак = for breakfast, на работу = to work.	Russian Vocabulary Breakfast Morning Family	на
breakfast	завтрак | ZAF-trak		Russian Vocabulary Breakfast Morning Family	ЗАВ-трак
I don't know	не знаю | nye ZNA-yu	Two words, always said together.	Russian Vocabulary Breakfast Morning Family	не ЗНА-ю
I'll ask	спрошу | spra-SHOO		Russian Vocabulary Breakfast Morning Family	спро-ШУ
Mom (as in "ask Mom")	у мамы | oo MA-my	Two words, always said together after "ask".	Russian Vocabulary Breakfast Morning Family	у МА-мы
you're having / you have (literally "at you")	у тебя | oo tye-BYA	Two words, said together. The usual way to say someone has something.	Russian Vocabulary Breakfast Morning Family	у те-БЯ
probably / I think	наверное | na-VYER-na-ye		Russian Vocabulary Breakfast Morning Family	на-ВЕР-но-е
as usual	как обычно | kak a-BYCH-na	Two words, always said together.	Russian Vocabulary Breakfast Morning Family	как о-БЫЧ-но
chicken	курица | KOO-ree-tsa		Russian Vocabulary Breakfast Morning Family	КУ-ри-ца
and	и | ee		Russian Vocabulary Breakfast Morning Family	и
sausage	колбаса | kal-ba-SA		Russian Vocabulary Breakfast Morning Family	кол-ба-СА
already	уже | oo-ZHE		Russian Vocabulary Morning Family Water	у-ЖЕ
drank (finished it) — a man speaking or spoken to	попил | pa-PEEL	Used when the person who drank is male.	Russian Vocabulary Morning Family Water Male	по-ПИЛ
drank (finished it) — a woman speaking or spoken to	попила | pa-pee-LA	Used when the person who drank is female.	Russian Vocabulary Morning Family Water Female	по-пи-ЛА
water (as in "drink water")	воду | VO-du		Russian Vocabulary Morning Family Water	ВО-ду
with salt	с солью | s SO-lyu	Two words, always said together.	Russian Vocabulary Morning Family Water	с СО-лью
no	нет | nyet	Also "not" in "not yet" (ещё нет).	Russian Vocabulary Morning Family Water	нет
Dad (calling to him)	пап | pap	Short, casual form of папа, used when talking to him.	Russian Vocabulary Morning Family	пап
Dad	папа | PA-pa	The normal word. пап is the short form for calling to him.	Russian Vocabulary Family Love	ПА-па
still / yet	ещё | ye-SHCHO		Russian Vocabulary Morning Family Water	е-ЩЁ
now / right away	сейчас | see-CHAS		Russian Vocabulary Morning Family Water	сей-ЧАС
I'll drink some	попью | pa-PYU		Russian Vocabulary Morning Family Water	по-ПЬЮ
yes	да | da		Russian Vocabulary Morning Family Water	да
(you) feel	себя чувствуешь | se-BYA CHOOST-vu-yesh	Two words, always said together. The first в in чувствуешь is silent.	Russian Vocabulary Morning Family	се-БЯ ЧУВСТ-ву-ешь
okay / fine	нормально | nar-MAL-na	The standard "I'm fine" answer.	Russian Vocabulary Morning Family	нор-МАЛЬ-но
thank you	спасибо | spa-SEE-ba		Russian Vocabulary Breakfast Morning Family	спа-СИ-бо
for (thanks for...)	за | za		Russian Vocabulary Breakfast Morning Family	за
it was	было | BY-la		Russian Vocabulary Breakfast Morning Family	БЫ-ло
tasty / delicious	вкусно | FKOOS-na		Russian Vocabulary Breakfast Morning Family	ВКУС-но
to work	на работу | na ra-BO-tu	Two words, always said together.	Russian Vocabulary Morning Family Work	на ра-БО-ту
I love	люблю | lyu-BLYU		Russian Vocabulary Family Love	люб-ЛЮ
you (several people)	вас | vas	Also the polite "you" for one person.	Russian Vocabulary Family Love	вас
all / everyone	всех | fsyekh		Russian Vocabulary Family Love	всех
you (one person, informal)	тебя | tye-BYA		Russian Vocabulary Family Love	те-БЯ
tasty (as in "курица вкусная")	вкусная | FKOOS-na-ya	Same word as вкусно, with a different ending to go with курица.	Russian Vocabulary Food Family	ВКУС-на-я
tasty (as in "мясо вкусное")	вкусное | FKOOS-na-ye	Same word as вкусно, with a different ending to go with мясо.	Russian Vocabulary Food Family	ВКУС-но-е
I love / I adore	обожаю | a-ba-ZHA-yu	Stronger than люблю. Used for food and things you're crazy about.	Russian Vocabulary Food Family	о-бо-ЖА-ю
sweet potato	батат | ba-TAT		Russian Vocabulary Food Family	ба-ТАТ
meat	мясо | MYA-sa		Russian Vocabulary Food Family	МЯ-со
Kim's (as in "Kim's meat")	у Ким | oo Kim	Two words, said together.	Russian Vocabulary Food Family	у Ким
so / such	такое | ta-KO-ye		Russian Vocabulary Food Family	та-КО-е
so ...! (adds emphasis)	как же | kak zhe	Two words, said together. "Как же вкусно!" = "It's SO good!"	Russian Vocabulary Food Family	как же
how do you like it?	как тебе? | kak tye-BYE	Two words, said together. Literally "how (is it) to you?"	Russian Vocabulary Food Family	как те-БЕ
I like it	мне нравится | mnye NRA-veet-sa	Two words, said together.	Russian Vocabulary Food Family	мне НРА-вит-ся
I don't like it	мне не нравится | mnye nye NRA-veet-sa	Three words, said together.	Russian Vocabulary Food Family	мне не НРА-вит-ся
